,PC1,PC2,PC3,PC4,PC5,PC6,PC7,PC8
temp,0.417837596,-0.019291236,0.0451253,-0.283196984,0.151786294,-0.372962149,0.40585264,0.64493919
spCond,0.394983803,0.257828779,0.196616274,-0.117048659,0.081224142,0.011958442,0.531664254,-0.660110993
pH,0.382739255,-0.225607397,-0.226598779,0.458377759,0.542341569,0.486686528,0.033838186,0.094929508
ODO,0.208456664,-0.665483535,-0.32444567,0.071547732,-0.082931861,-0.527610877,-0.085142017,-0.332856305
turb,0.38696132,0.212983273,-0.237987784,-0.584038916,0.189587103,0.084413844,-0.593989239,-0.10614725
fDOM,0.345587039,-0.026132379,0.751516268,0.311706245,-0.008681088,-0.1918841,-0.425114949,0.018210518
CHL,0.394149625,-0.205438837,-0.025800821,-0.06193714,-0.756269142,0.456617974,0.05648189,0.11960716
NO3,-0.234377109,-0.592566658,0.424986093,-0.49876987,0.247769739,0.305080379,0.086524156,-0.05096325