PC1,PC2,PC3,PC4,PC5,PC6,PC7,PC8
0.3839079091637302,0.19212092829584598,-0.4850719133113179,0.1610236592574092,0.12221662436092699,-0.6513889412707148,0.2803839769604982,-0.1913668091701884
0.4303754950827683,0.23344474853517638,0.24021410398636556,-0.06731042313779284,-0.16547234172761152,-0.20482586697197575,-0.7831960433364599,-0.12375863542041346
-0.12331266100419722,0.6415511241033082,-0.06087645511866752,-0.1516119991229016,0.7030014541712578,0.19194168492588157,-0.0938026500284087,0.08162358483028319
-0.10552837637992535,0.6442627043075475,-0.16940096369428975,-0.10262801195694082,-0.6750111666124295,0.12167554138412388,0.17239572202852155,0.18545845055382992
-0.42889292855392624,0.08094165930397318,0.04498892081583132,0.7131501847316336,0.013708059766083414,-0.30163506522278644,-0.2438972147060628,0.38501251905715955
0.32671300502357037,0.1250229563409085,0.703482808163153,-0.02694813973737077,0.06953836908372905,-0.22370956496037164,0.41680165922968865,0.3916738844416651
-0.4090215855090513,0.21078170486689302,0.41932398180796476,0.06327465698409929,-0.052901032727177305,-0.20756537876997544,0.14304167614417676,-0.7362698586141262
0.4278553618935303,0.12377238125892252,0.04307119429016543,0.6501606805594791,0.0029776322216286677,0.5458747064441187,0.12569473118516034,-0.2515331424216227
