,PC1,PC2,PC3,PC4,PC5,PC6,PC7,PC8
temp,0.380470436,-0.044998173,0.264433317,0.475890973,-0.488605134,0.081890078,-0.549478495,0.097224667
spCond,0.393758344,0.042635923,0.062873589,0.292441933,-0.015391021,0.341706185,0.50850313,-0.614886769
pH,0.260540873,-0.731712521,0.227345014,0.143127264,0.456895902,-0.338638993,0.021467572,0.0255535
ODO,-0.320218654,-0.49413191,0.416950436,-0.339045464,-0.409579317,0.415889573,0.153823251,0.010641001
turb,0.356956264,-0.239068765,-0.491446423,-0.237426812,-0.55099603,-0.357827827,0.277775306,0.093492101
fDOM,0.393673053,0.117265437,0.067010692,-0.018320887,0.175498245,0.398744467,0.312628061,0.734105693
CHL,0.37759188,-0.120146971,-0.270176955,-0.522067105,0.219867497,0.396301594,-0.488296169,-0.231537494
NO3,0.323733234,0.362280875,0.617723971,-0.472553753,-0.042202866,-0.380522714,0.045242981,-0.102146272